sample_id,SNP1,SNP2,SNP3,SNP4,SNP5
A00001_0059,1,1,1,0,0
A00001_0845,0,1,2,0,2
A00001_0481,1,2,1,0,1
A00001_0309,2,0,1,0,2
A00001_0699,1,1,0,0,1
A00001_0363,1,2,0,0,1
A00001_0489,2,1,0,1,2
A00001_0397,1,0,1,0,2
A00001_0487,0,0,0,1,2
A00001_0403,2,2,1,0,1
A00001_0112,1,1,1,2,1
A00001_0315,1,1,1,2,1
A00001_0774,2,2,0,1,1
A00001_0366,2,2,0,1,0
A00001_0266,0,2,1,1,1
A00001_0943,1,2,0,2,0
A00001_0299,0,0,0,1,2
A00001_0595,0,0,2,1,0
A00001_0822,1,1,1,2,2
A00001_0590,1,2,2,0,2
A00001_0958,1,1,1,2,0
A00001_0419,1,0,1,0,2
A00001_0786,0,1,0,0,1
A00001_0168,1,2,0,0,0
A00001_0023,0,0,2,0,1
A00001_0204,2,1,1,2,1
A00001_0885,0,2,1,0,1
A00001_0515,1,0,0,1,1
A00001_0896,1,2,2,2,0
A00001_0911,2,2,1,2,0
A00001_0302,1,1,1,0,0
A00001_0251,1,1,2,1,1
A00001_0444,2,1,1,0,2
A00001_0328,1,2,2,0,2
A00001_0069,0,2,0,0,1
A00001_0563,1,1,1,2,0
A00001_0174,2,1,1,1,0
A00001_0687,1,0,0,1,2
A00001_0561,1,2,1,2,1
A00001_0097,2,0,2,0,1
A00001_0697,2,1,1,0,0
A00001_0058,2,1,2,0,1
A00001_0120,2,1,1,1,0
A00001_0754,2,2,0,1,2
A00001_0648,1,2,2,2,2
A00001_0425,0,0,0,0,1
A00001_0649,0,2,0,1,1
A00001_0319,0,0,1,0,1
A00001_0517,1,1,2,0,2
A00001_0092,1,1,2,1,0
A00001_0099,1,2,1,0,0
A00001_0389,1,1,1,0,0
A00001_0743,2,2,1,1,2
A00001_0475,1,1,1,1,0
A00001_0887,2,1,0,2,0
A00001_0551,1,2,1,0,1
A00001_0082,1,1,0,1,1
A00001_0621,0,2,0,2,0
A00001_0301,0,0,2,1,0
A00001_0854,2,2,2,0,0
A00001_0250,2,0,0,0,0
A00001_0709,0,1,2,2,1
A00001_0559,1,1,1,2,1
A00001_0930,2,0,0,2,2
A00001_0284,2,0,2,2,1
A00001_0158,0,2,2,2,1
A00001_0978,0,1,1,0,2
A00001_0357,2,1,0,1,0
A00001_0781,2,0,2,0,0
A00001_0202,0,2,1,1,2
A00001_0396,1,0,2,1,0
A00001_0252,2,0,0,1,1
A00001_0941,0,1,2,0,2
A00001_0248,1,2,2,2,1
A00001_0672,1,0,1,0,1
A00001_0748,0,2,2,1,2
A00001_0156,0,0,1,2,0
A00001_0661,2,2,2,2,2
A00001_0418,0,0,0,1,0
A00001_0338,0,2,2,2,0
A00001_0912,0,2,0,1,1
A00001_0799,2,0,2,2,2
A00001_0180,2,1,2,2,2
A00001_0980,1,2,2,1,0
A00001_0321,2,1,2,1,1
A00001_0458,1,2,1,2,0
A00001_0646,0,2,1,0,2
A00001_0852,0,1,1,2,2
A00001_0445,0,0,1,2,0
A00001_0408,2,0,1,1,0
A00001_0554,2,1,2,2,0
A00001_0679,1,1,2,1,2
A00001_0527,1,1,0,0,0
A00001_0333,2,0,2,2,1
A00001_0044,2,1,2,0,1
A00001_0898,2,1,2,0,0
A00001_0863,0,1,2,0,2
A00001_0107,0,1,0,0,1
A00001_0476,2,1,1,0,2
A00001_0332,1,2,1,2,0
A00001_0780,2,1,2,0,2
A00001_0768,2,0,2,2,2
A00001_0149,2,1,1,1,2
A00001_0242,2,1,0,1,1
A00001_0279,0,0,2,2,1
A00001_0541,2,0,2,1,2
A00001_0335,2,1,0,0,2
A00001_0231,2,2,0,0,1
A00001_0816,0,0,0,2,1
A00001_0720,0,1,0,0,1
A00001_0094,0,0,0,1,2
A00001_0294,2,1,2,0,2
A00001_0002,1,2,2,1,0
A00001_0642,1,1,1,0,2
A00001_0263,0,0,2,1,0
A00001_0024,1,0,0,2,0
A00001_0495,2,0,0,1,1
A00001_0424,0,0,1,1,2
A00001_0509,0,0,1,2,1
A00001_0449,0,0,2,1,2
A00001_0039,2,1,0,2,1
A00001_0516,0,1,2,2,2
A00001_0662,0,0,0,2,1
A00001_0957,2,1,0,0,2
A00001_0479,2,2,1,1,1
A00001_0700,1,2,0,2,2
A00001_0580,2,0,1,0,2
A00001_0771,1,0,1,1,1
A00001_0756,0,0,2,0,1
A00001_0416,1,0,0,1,1
A00001_0010,1,2,1,0,0
A00001_0583,0,0,1,2,1
A00001_0077,0,2,0,0,2
A00001_0690,0,0,1,2,1
A00001_0665,0,0,1,0,2
A00001_0821,1,1,1,1,0
A00001_0176,1,0,1,2,1
A00001_0003,2,2,0,0,2
A00001_0759,2,2,1,1,0
A00001_0608,2,2,0,0,2
A00001_0235,2,2,2,0,0
A00001_0847,2,0,1,0,0
A00001_0098,0,1,2,1,2
A00001_0984,0,2,2,2,1
A00001_0725,0,1,1,2,0
A00001_0446,0,0,1,0,0
A00001_0973,0,2,1,0,2
A00001_0185,0,2,0,0,2
A00001_0144,2,1,0,0,1
A00001_0631,2,2,0,0,1
A00001_0448,0,1,2,0,1
A00001_0717,1,2,2,0,1
A00001_0384,1,1,0,1,2
A00001_0963,2,1,1,1,2
A00001_0241,0,1,2,2,2
A00001_0190,2,2,1,2,2
A00001_0906,1,2,2,2,0
A00001_0096,0,2,2,0,0
A00001_0142,1,1,1,0,2
A00001_0628,0,2,0,1,1
A00001_0439,0,0,1,0,1
A00001_0974,1,1,2,0,0
A00001_0109,2,2,1,0,1
A00001_0349,0,0,2,1,2
A00001_0641,1,1,2,2,0
A00001_0950,2,2,0,2,2
A00001_0739,1,1,2,1,2
A00001_0406,2,2,0,0,2
A00001_0718,2,1,0,2,1
A00001_0025,1,0,2,2,1
A00001_0676,2,2,1,2,1
A00001_0238,0,0,2,0,0
A00001_0093,1,1,0,1,2
A00001_0587,1,0,0,1,2
A00001_0022,0,0,1,1,2
A00001_0376,1,2,2,2,2
A00001_0102,0,0,1,2,1
A00001_0083,2,2,1,2,0
A00001_0657,1,1,0,0,0
A00001_0409,0,0,1,2,2
A00001_0815,2,1,2,1,2
A00001_0891,2,1,0,2,0
A00001_0671,1,2,1,2,0
A00001_0480,0,2,2,0,0
A00001_0604,0,2,2,0,2
A00001_0729,0,2,1,0,1
A00001_0880,0,1,0,0,0
A00001_0805,0,0,1,1,1
A00001_0664,2,0,2,2,1
A00001_0986,1,0,2,1,0
A00001_0640,2,1,0,2,2
A00001_0694,0,1,0,2,0
A00001_0917,2,1,0,2,1
A00001_0994,2,2,0,1,0
A00001_0632,0,2,2,1,1
A00001_0029,0,0,1,2,2
A00001_0091,0,1,1,2,2
A00001_0203,1,0,0,1,2
A00001_0617,1,2,2,1,0
A00001_0474,0,1,1,0,1
A00001_0440,1,1,2,1,1
A00001_0682,2,1,1,2,1
A00001_0217,2,0,1,0,1
A00001_0169,0,0,1,0,0
A00001_0188,0,0,2,2,2
A00001_0878,0,2,1,1,0
A00001_0062,1,1,2,2,2
A00001_0012,1,1,0,1,0
A00001_0741,2,1,1,1,1
A00001_0513,0,0,0,1,1
A00001_0192,1,1,2,2,0
A00001_0749,1,1,0,0,1
A00001_0693,0,0,2,2,0
A00001_0928,2,0,0,0,1
A00001_0377,2,0,2,2,1
A00001_0860,1,2,1,1,1
A00001_0038,1,2,0,0,2
A00001_0214,2,1,1,2,0
A00001_0114,0,1,2,1,2
A00001_0613,2,1,0,1,1
A00001_0744,2,1,0,1,0
A00001_0040,1,2,0,0,0
A00001_0341,1,0,0,0,1
A00001_0469,2,0,0,0,2
A00001_0932,1,1,1,0,2
A00001_0146,2,2,1,0,1
A00001_0026,1,0,1,1,1
A00001_0177,2,2,0,2,1
A00001_0610,2,0,2,0,2
A00001_0111,1,2,1,1,1
A00001_0442,2,0,2,0,0
A00001_0581,0,1,0,2,0
A00001_0020,2,0,2,1,1
A00001_0870,0,1,2,0,0
A00001_0246,0,2,2,0,0
A00001_0651,0,0,2,0,1
A00001_0296,0,1,0,0,1
A00001_0186,1,2,1,2,2
A00001_0510,1,2,0,2,0
A00001_0087,0,2,1,1,2
A00001_0601,1,0,2,1,2
A00001_0079,0,0,1,0,1
A00001_0918,1,1,0,2,2
A00001_0201,2,2,0,1,1
A00001_0145,1,1,1,1,2
A00001_0390,1,2,2,0,1
A00001_0488,0,1,2,0,1
A00001_0825,1,0,0,2,2
A00001_0750,0,1,0,0,1
A00001_0766,2,0,0,2,1
A00001_0667,0,2,2,1,1
A00001_0624,1,2,2,0,1
A00001_0386,2,2,1,1,1
A00001_0584,1,0,1,2,0
A00001_0438,1,1,1,1,0
A00001_0849,1,2,2,2,1
A00001_0738,0,2,0,2,0
A00001_0218,2,2,0,1,0
A00001_0789,2,0,2,1,2
A00001_0055,2,1,0,1,0
A00001_0758,1,1,0,0,0
A00001_0656,2,0,0,0,2
A00001_0243,2,0,1,1,2
A00001_0570,2,0,0,0,2
A00001_0240,2,1,0,1,1
A00001_0293,1,0,1,2,1
A00001_0770,0,1,2,0,2
A00001_0073,1,0,2,0,2
A00001_0157,2,1,1,1,1
A00001_0359,1,0,2,0,2
A00001_0695,1,1,1,2,0
A00001_0398,1,1,1,2,2
A00001_0990,2,1,1,1,2
A00001_0105,2,2,0,0,2
A00001_0939,0,2,0,0,0
A00001_0925,0,1,0,1,1
A00001_0921,1,1,1,2,2
A00001_0836,1,1,1,0,0
A00001_0065,2,1,0,0,2
A00001_1000,0,0,0,1,0
A00001_0904,2,0,0,0,1
A00001_0715,1,0,1,1,2
A00001_0820,1,0,2,0,1
A00001_0924,1,1,2,2,0
A00001_0954,0,0,0,2,2
A00001_0721,0,0,1,2,0
A00001_0876,2,2,0,1,1
A00001_0292,0,0,0,1,0
A00001_0582,2,2,1,2,1
A00001_0431,2,0,0,2,2
A00001_0295,1,0,1,1,1
A00001_0996,1,2,2,0,1
A00001_0224,0,0,1,2,0
A00001_0193,1,0,0,2,1
A00001_0560,2,1,2,2,2
A00001_0538,2,0,0,2,2
A00001_0623,1,1,1,0,2
A00001_0138,2,1,0,1,1
A00001_0837,2,1,1,0,0
A00001_0568,1,1,2,1,0
A00001_0545,0,2,2,2,0
A00001_0428,2,0,1,1,0
A00001_0382,2,2,1,1,0
A00001_0505,1,1,1,1,0
A00001_0278,0,0,0,1,2
A00001_0726,2,2,1,2,1
A00001_0461,2,1,1,1,0
A00001_0983,2,0,0,0,1
A00001_0504,2,1,2,2,2
A00001_0106,0,0,0,2,0
A00001_0100,1,1,0,0,2
A00001_0811,0,1,0,2,0
A00001_0179,1,2,2,2,2
A00001_0223,0,2,2,1,2
A00001_0675,2,1,2,2,0
A00001_0544,0,0,2,0,2
A00001_0165,1,1,2,0,1
A00001_0915,0,2,2,2,2
A00001_0375,1,0,1,1,0
A00001_0585,2,1,2,0,1
A00001_0846,2,0,2,2,2
A00001_0195,0,0,1,2,0
A00001_0776,2,0,1,0,1
A00001_0798,0,1,1,2,1
A00001_0372,1,2,2,0,2
A00001_0547,0,0,2,2,0
A00001_0638,0,2,0,0,2
A00001_0594,1,0,2,0,2
A00001_0348,0,2,2,2,1
A00001_0009,0,2,0,1,0
A00001_0465,0,0,1,2,2
A00001_0511,2,2,2,2,2
A00001_0160,1,0,0,1,2
A00001_0135,0,0,1,0,1
A00001_0843,0,2,1,0,0
A00001_0381,2,0,1,1,0
A00001_0550,2,0,2,1,2
A00001_0076,0,0,0,0,0
A00001_0936,1,1,0,2,1
A00001_0745,0,0,2,0,1
A00001_0670,2,2,2,1,0
A00001_0576,1,0,1,2,0
A00001_0728,1,0,0,2,2
A00001_0507,1,2,2,1,2
A00001_0473,1,2,1,2,2
A00001_0873,2,0,0,0,2
A00001_0229,0,0,0,2,0
A00001_0133,2,0,2,2,0
A00001_0152,0,0,1,2,2
A00001_0401,0,0,1,1,0
A00001_0314,2,1,1,1,2
A00001_0460,1,1,1,2,0
A00001_0034,0,1,0,1,2
A00001_0521,0,2,2,0,0
A00001_0016,0,2,1,0,1
A00001_0607,2,0,0,0,2
A00001_0277,0,2,0,0,2
A00001_0216,0,2,0,0,2
A00001_0995,1,0,2,2,0
A00001_0606,1,0,2,0,1
A00001_0548,2,2,2,1,0
A00001_0496,1,0,1,0,0
A00001_0154,0,0,2,2,1
A00001_0011,2,1,2,0,2
A00001_0499,1,2,0,1,1
A00001_0707,2,0,2,1,0
A00001_0746,2,2,2,2,0
A00001_0187,2,0,2,1,0
A00001_0526,2,1,2,1,0
A00001_0492,0,2,1,2,1
A00001_0569,2,0,2,0,0
A00001_0095,0,0,1,0,0
A00001_0823,2,1,2,1,1
A00001_0327,0,2,1,2,2
A00001_0330,1,2,0,1,1
A00001_0857,1,0,1,1,2
A00001_0421,2,1,0,2,1
A00001_0463,1,1,0,0,0
A00001_0952,2,1,1,1,0
A00001_0737,0,1,0,2,2
A00001_0118,0,2,2,2,0
A00001_0374,2,2,0,1,0
A00001_0895,0,0,0,1,2
A00001_0385,1,2,1,1,0
A00001_0255,0,2,1,2,1
A00001_0864,1,2,1,2,1
A00001_0411,0,1,2,2,0
A00001_0528,0,0,2,0,2
A00001_0436,2,1,0,1,0
A00001_0222,0,2,0,1,1
A00001_0835,1,1,2,2,0
A00001_0634,2,2,2,2,2
A00001_0659,0,0,1,1,0
A00001_0922,1,0,0,2,2
A00001_0901,0,2,2,2,1
A00001_0848,0,0,1,0,1
A00001_0198,0,1,2,2,0
A00001_0101,1,2,0,2,0
A00001_0253,1,1,2,2,1
A00001_0467,0,1,0,0,2
A00001_0236,2,2,2,1,1
A00001_0116,0,1,1,2,2
A00001_0051,1,1,2,2,2
A00001_0652,2,2,2,1,1
A00001_0041,0,2,1,1,2
A00001_0245,1,0,2,2,0
A00001_0514,0,2,0,2,1
A00001_0365,1,2,1,0,0
A00001_0412,2,1,0,0,0
A00001_0688,2,0,1,0,1
A00001_0512,0,2,2,1,0
A00001_0698,2,2,2,1,2
A00001_0540,0,0,0,2,0
A00001_0680,2,1,1,2,1
A00001_0452,1,2,2,2,2
A00001_0351,2,0,1,1,0
A00001_0269,2,0,2,1,2
A00001_0942,1,2,0,0,2
A00001_0060,2,2,1,1,2
A00001_0455,2,0,0,1,1
A00001_0155,1,2,1,1,1
A00001_0140,2,2,2,0,2
A00001_0080,0,2,2,2,0
A00001_0256,2,1,0,1,1
A00001_0999,2,2,0,1,2
A00001_0686,1,2,2,2,2
A00001_0650,0,2,0,1,1
A00001_0599,0,2,0,0,2
A00001_0355,2,0,2,2,0
A00001_0103,0,0,0,2,0
A00001_0191,0,1,1,2,0
A00001_0074,1,2,1,0,2
A00001_0647,2,0,0,1,2
A00001_0307,0,2,0,1,0
A00001_0175,1,0,1,2,1
A00001_0555,0,2,1,1,1
A00001_0066,2,1,0,2,0
A00001_0427,1,1,1,1,1
A00001_0777,1,0,2,2,0
A00001_0884,2,2,0,1,2
A00001_0031,0,1,2,2,1
A00001_0556,2,0,0,2,1
A00001_0470,2,2,0,0,1
A00001_0127,0,1,1,1,2
A00001_0969,0,1,2,2,0
A00001_0740,1,2,2,0,0
A00001_0658,2,0,1,1,1
A00001_0443,1,2,2,0,1
A00001_0933,0,1,1,1,2
A00001_0305,0,2,1,1,2
A00001_0232,1,2,2,2,2
A00001_0035,1,1,2,1,0
A00001_0663,0,2,0,0,1
A00001_0050,1,1,0,0,1
A00001_0104,0,2,2,0,0
A00001_0553,0,1,0,1,2
A00001_0325,1,2,0,0,1
A00001_0071,1,0,0,1,0
A00001_0573,2,2,1,1,0
A00001_0881,2,1,2,1,2
A00001_0297,1,0,0,2,0
A00001_0562,1,0,1,0,1
A00001_0905,1,1,2,1,1
A00001_0793,0,0,1,2,2
A00001_0588,0,0,1,1,0
A00001_0730,1,0,1,0,0
A00001_0803,2,1,0,2,0
A00001_0593,0,0,2,0,2
A00001_0337,1,1,1,2,1
A00001_0124,1,1,0,2,0
A00001_0276,2,2,1,1,1
A00001_0988,1,1,0,0,1
A00001_0683,2,1,0,2,1
A00001_0886,1,1,0,1,0
A00001_0673,1,2,1,2,1
A00001_0832,2,2,0,1,2
A00001_0057,2,2,2,1,0
A00001_0225,0,0,0,1,1
A00001_0653,1,0,0,2,1
A00001_0535,0,2,1,0,0
A00001_0413,1,2,0,1,0
A00001_0414,2,0,2,1,0
A00001_0462,1,1,1,0,2
A00001_0532,2,0,0,2,1
A00001_0260,0,1,1,0,2
A00001_0498,2,2,0,0,1
A00001_0792,2,2,2,2,2
A00001_0115,1,2,0,0,2
A00001_0042,0,2,1,0,0
A00001_0358,1,1,2,1,2
A00001_0668,2,0,2,2,1
A00001_0383,1,2,2,1,2
A00001_0977,1,1,2,1,0
A00001_0483,1,1,0,1,0
A00001_0987,0,0,2,0,0
A00001_0926,1,2,1,2,1
A00001_0543,2,2,2,1,1
A00001_0966,1,1,0,2,2
A00001_0889,0,1,0,0,2
A00001_0257,1,0,2,1,0
